NAME,AGE,GENDER,STRESS,MEDITATE,DATE (YYYYMMDD),BASELINE START,BASELINE DURATION(s),STROOP START,STROOP DURATION(s),REACTION TIME DIFFERENCE(s)
John,35,Male,3,no,Date: 2018-09-04,2018-09-04 15:47:39 +1000,23.292272,15:48:09,18.394965,-4.897307000000001
NAME,AGE,GENDER,STRESS,MEDITATE,DATE (YYYYMMDD),BASELINE START,BASELINE DURATION(s),STROOP START,STROOP DURATION(s),REACTION TIME DIFFERENCE(s)
"",8,Female,0,no,2018-09-04,2018-09-04 18:38:41 +1000,9.982207,18:38:55,8.875692,-1.106515
NAME,AGE,GENDER,STRESS,MEDITATE,DATE (YYYYMMDD),BASELINE START,BASELINE DURATION(s),STROOP START,STROOP DURATION(s),REACTION TIME DIFFERENCE(s)
Lala,52,Female,0,no,2018-09-04,2018-09-04 19:09:07 +1000,3.454664,2018-09-04 19:09:18 +1000,6.560479,3.1058149999999998
NAME,AGE,GENDER,STRESS,MEDITATE,DATE (YYYYMMDD),BASELINE START,BASELINE DURATION(s),STROOP START,STROOP DURATION(s),REACTION TIME DIFFERENCE(s)
"",5,Female,0,no,2018-09-04,19:13:57,6.11,19:14:09,13.99,7.88
NAME,AGE,GENDER,STRESS,MEDITATE,DATE (YYYYMMDD),BASELINE START,BASELINE DURATION(s),STROOP START,STROOP DURATION(s),REACTION TIME DIFFERENCE(s)
"",6,Female,0,no,2018-09-04,19:17:08,5.23,19:17:16,13.15,7.92
